date,new_cases,new_deaths,cum_cases,cum_deaths,accumulated_vaccine_count
2020-01-20,1,0,1,0,0.0
2020-01-21,0,0,1,0,0.0
2020-01-22,0,0,1,0,0.0
2020-01-23,0,0,1,0,0.0
2020-01-24,1,0,2,0,0.0
2020-01-25,0,0,2,0,0.0
2020-01-26,1,0,3,0,0.0
2020-01-27,1,0,4,0,0.0
2020-01-28,0,0,4,0,0.0
2020-01-29,0,0,4,0,0.0
2020-01-30,3,0,7,0,0.0
2020-01-31,4,0,11,0,0.0
2020-02-01,1,0,12,0,0.0
2020-02-02,3,0,15,0,0.0
2020-02-03,0,0,15,0,0.0
2020-02-04,1,0,16,0,0.0
2020-02-05,5,0,21,0,0.0
2020-02-06,3,0,24,0,0.0
2020-02-07,0,0,24,0,0.0
2020-02-08,0,0,24,0,0.0
2020-02-09,3,0,27,0,0.0
2020-02-10,1,0,28,0,0.0
2020-02-11,0,0,28,0,0.0
2020-02-12,0,0,28,0,0.0
2020-02-13,0,0,28,0,0.0
2020-02-14,0,0,28,0,0.0
2020-02-15,0,0,28,0,0.0
2020-02-16,2,0,30,0,0.0
2020-02-17,0,0,30,0,0.0
2020-02-18,2,0,32,0,0.0
2020-02-19,34,0,66,0,0.0
2020-02-20,16,1,82,1,0.0
2020-02-21,74,0,156,1,0.0
2020-02-22,190,2,346,3,0.0
2020-02-23,210,0,556,3,0.0
2020-02-24,207,4,763,7,0.0
2020-02-25,130,1,893,8,0.0
2020-02-26,253,2,1146,10,0.0
2020-02-27,449,1,1595,11,0.0
2020-02-28,427,1,2022,12,0.0
2020-02-29,909,3,2931,15,0.0
2020-03-01,595,1,3526,16,0.0
2020-03-02,686,6,4212,22,0.0
2020-03-03,600,5,4812,27,0.0
2020-03-04,516,4,5328,31,0.0
2020-03-05,438,3,5766,34,0.0
2020-03-06,518,7,6284,41,0.0
2020-03-07,483,2,6767,43,0.0
2020-03-08,367,6,7134,49,0.0
2020-03-09,248,1,7382,50,0.0
2020-03-10,131,3,7513,53,0.0
2020-03-11,242,6,7755,59,0.0
2020-03-12,114,6,7869,65,0.0
2020-03-13,110,1,7979,66,0.0
2020-03-14,107,5,8086,71,0.0
2020-03-15,76,3,8162,74,0.0
2020-03-16,74,0,8236,74,0.0
2020-03-17,84,6,8320,80,0.0
2020-03-18,93,3,8413,83,0.0
2020-03-19,152,7,8565,90,0.0
2020-03-20,87,3,8652,93,0.0
2020-03-21,147,8,8799,101,0.0
2020-03-22,98,2,8897,103,0.0
2020-03-23,64,7,8961,110,0.0
2020-03-24,76,9,9037,119,0.0
2020-03-25,100,6,9137,125,0.0
2020-03-26,104,5,9241,130,0.0
2020-03-27,91,8,9332,138,0.0
2020-03-28,146,5,9478,143,0.0
2020-03-29,105,8,9583,151,0.0
2020-03-30,78,6,9661,157,0.0
2020-03-31,125,4,9786,161,0.0
2020-04-01,101,3,9887,164,0.0
2020-04-02,89,4,9976,168,0.0
2020-04-03,86,5,10062,173,0.0
2020-04-04,94,3,10156,176,0.0
2020-04-05,81,6,10237,182,0.0
2020-04-06,47,2,10284,184,0.0
2020-04-07,47,6,10331,190,0.0
2020-04-08,53,7,10384,197,0.0
2020-04-09,39,4,10423,201,0.0
2020-04-10,27,4,10450,205,0.0
2020-04-11,30,3,10480,208,0.0
2020-04-12,32,3,10512,211,0.0
2020-04-13,25,3,10537,214,0.0
2020-04-14,27,5,10564,219,0.0
2020-04-15,27,3,10591,222,0.0
2020-04-16,22,4,10613,226,0.0
2020-04-17,22,1,10635,227,0.0
2020-04-18,18,2,10653,229,0.0
2020-04-19,8,2,10661,231,0.0
2020-04-20,13,2,10674,233,0.0
2020-04-21,9,1,10683,234,0.0
2020-04-22,11,1,10694,235,0.0
2020-04-23,8,2,10702,237,0.0
2020-04-24,6,0,10708,237,0.0
2020-04-25,10,0,10718,237,0.0
2020-04-26,10,2,10728,239,0.0
2020-04-27,10,1,10738,240,0.0
2020-04-28,14,1,10752,241,0.0
2020-04-29,9,2,10761,243,0.0
2020-04-30,4,1,10765,244,0.0
2020-05-01,9,1,10774,245,0.0
2020-05-02,6,2,10780,247,0.0
2020-05-03,13,0,10793,247,0.0
2020-05-04,8,2,10801,249,0.0
2020-05-05,3,2,10804,251,0.0
2020-05-06,2,1,10806,252,0.0
2020-05-07,4,1,10810,253,0.0
2020-05-08,12,0,10822,253,0.0
2020-05-09,18,0,10840,253,0.0
2020-05-10,34,0,10874,253,0.0
2020-05-11,35,0,10909,253,0.0
2020-05-12,27,2,10936,255,0.0
2020-05-13,26,1,10962,256,0.0
2020-05-14,29,1,10991,257,0.0
2020-05-15,27,0,11018,257,0.0
2020-05-16,19,2,11037,259,0.0
2020-05-17,13,0,11050,259,0.0
2020-05-18,15,1,11065,260,0.0
2020-05-19,13,0,11078,260,0.0
2020-05-20,32,0,11110,260,0.0
2020-05-21,12,1,11122,261,0.0
2020-05-22,20,0,11142,261,0.0
2020-05-23,23,2,11165,263,0.0
2020-05-24,25,0,11190,263,0.0
2020-05-25,16,1,11206,264,0.0
2020-05-26,19,2,11225,266,0.0
2020-05-27,40,0,11265,266,0.0
2020-05-28,79,0,11344,266,0.0
2020-05-29,58,0,11402,266,0.0
2020-05-30,39,0,11441,266,0.0
2020-05-31,27,1,11468,267,0.0
2020-06-01,35,1,11503,268,0.0
2020-06-02,38,1,11541,269,0.0
2020-06-03,49,1,11590,270,0.0
2020-06-04,39,0,11629,270,0.0
2020-06-05,39,0,11668,270,0.0
2020-06-06,51,0,11719,270,0.0
2020-06-07,57,0,11776,270,0.0
2020-06-08,37,0,11813,270,0.0
2020-06-09,38,1,11851,271,0.0
2020-06-10,50,2,11901,273,0.0
2020-06-11,45,0,11946,273,0.0
2020-06-12,56,1,12002,274,0.0
2020-06-13,48,0,12050,274,0.0
2020-06-14,34,0,12084,274,0.0
2020-06-15,37,0,12121,274,0.0
2020-06-16,34,1,12155,275,0.0
2020-06-17,43,1,12198,276,0.0
2020-06-18,59,1,12257,277,0.0
2020-06-19,49,0,12306,277,0.0
2020-06-20,67,0,12373,277,0.0
2020-06-21,48,0,12421,277,0.0
2020-06-22,17,0,12438,277,0.0
2020-06-23,46,1,12484,278,0.0
2020-06-24,51,0,12535,278,0.0
2020-06-25,28,1,12563,279,0.0
2020-06-26,39,0,12602,279,0.0
2020-06-27,51,0,12653,279,0.0
2020-06-28,62,0,12715,279,0.0
2020-06-29,42,0,12757,279,0.0
2020-06-30,42,0,12799,279,0.0
2020-07-01,51,0,12850,279,0.0
2020-07-02,54,0,12904,279,0.0
2020-07-03,61,0,12965,279,0.0
2020-07-04,63,1,13028,280,0.0
2020-07-05,61,0,13089,280,0.0
2020-07-06,48,1,13137,281,0.0
2020-07-07,44,1,13181,282,0.0
2020-07-08,62,0,13243,282,0.0
2020-07-09,50,2,13293,284,0.0
2020-07-10,45,1,13338,285,0.0
2020-07-11,35,0,13373,285,0.0
2020-07-12,44,1,13417,286,0.0
2020-07-13,62,0,13479,286,0.0
2020-07-14,33,0,13512,286,0.0
2020-07-15,39,0,13551,286,0.0
2020-07-16,61,1,13612,287,0.0
2020-07-17,60,2,13672,289,0.0
2020-07-18,39,1,13711,290,0.0
2020-07-19,34,1,13745,291,0.0
2020-07-20,26,1,13771,292,0.0
2020-07-21,45,0,13816,292,0.0
2020-07-22,63,1,13879,293,0.0
2020-07-23,59,0,13938,293,0.0
2020-07-24,41,1,13979,294,0.0
2020-07-25,113,0,14092,294,0.0
2020-07-26,58,0,14150,294,0.0
2020-07-27,25,1,14175,295,0.0
2020-07-28,28,1,14203,296,0.0
2020-07-29,48,0,14251,296,0.0
2020-07-30,18,0,14269,296,0.0
2020-07-31,36,1,14305,297,0.0
2020-08-01,31,0,14336,297,0.0
2020-08-02,30,0,14366,297,0.0
2020-08-03,23,0,14389,297,0.0
2020-08-04,34,0,14423,297,0.0
2020-08-05,33,1,14456,298,0.0
2020-08-06,43,0,14499,298,0.0
2020-08-07,20,1,14519,299,0.0
2020-08-08,43,1,14562,300,0.0
2020-08-09,36,1,14598,301,0.0
2020-08-10,28,0,14626,301,0.0
2020-08-11,34,0,14660,301,0.0
2020-08-12,54,0,14714,301,0.0
2020-08-13,56,0,14770,301,0.0
2020-08-14,103,0,14873,301,0.0
2020-08-15,166,0,15039,301,0.0
2020-08-16,279,0,15318,301,0.0
2020-08-17,197,0,15515,301,0.0
2020-08-18,246,1,15761,302,0.0
2020-08-19,297,0,16058,302,0.0
2020-08-20,288,1,16346,303,0.0
2020-08-21,324,2,16670,305,0.0
2020-08-22,332,0,17002,305,0.0
2020-08-23,396,0,17398,305,0.0
2020-08-24,266,0,17664,305,0.0
2020-08-25,280,1,17944,306,0.0
2020-08-26,320,2,18264,308,0.0
2020-08-27,441,1,18705,309,0.0
2020-08-28,371,3,19076,312,0.0
2020-08-29,323,5,19399,317,0.0
2020-08-30,299,2,19698,319,0.0
2020-08-31,248,1,19946,320,0.0
2020-09-01,235,0,20181,320,0.0
2020-09-02,267,2,20448,322,0.0
2020-09-03,195,3,20643,325,0.0
2020-09-04,198,2,20841,327,0.0
2020-09-05,168,2,21009,329,0.0
2020-09-06,167,1,21176,330,0.0
2020-09-07,119,2,21295,332,0.0
2020-09-08,136,5,21431,337,0.0
2020-09-09,156,3,21587,340,0.0
2020-09-10,155,2,21742,342,0.0
2020-09-11,176,4,21918,346,0.0
2020-09-12,136,5,22054,351,0.0
2020-09-13,121,3,22175,354,0.0
2020-09-14,109,5,22284,359,0.0
2020-09-15,106,3,22390,362,0.0
2020-09-16,113,0,22503,362,0.0
2020-09-17,153,5,22656,367,0.0
2020-09-18,126,5,22782,372,0.0
2020-09-19,110,1,22892,373,0.0
2020-09-20,82,5,22974,378,0.0
2020-09-21,70,2,23044,380,0.0
2020-09-22,61,3,23105,383,0.0
2020-09-23,110,0,23215,383,0.0
2020-09-24,125,5,23340,388,0.0
2020-09-25,114,2,23454,390,0.0
2020-09-26,61,4,23515,394,0.0
2020-09-27,95,2,23610,396,0.0
2020-09-28,50,5,23660,401,0.0
2020-09-29,38,1,23698,402,0.0
2020-09-30,113,6,23811,408,0.0
2020-10-01,77,2,23888,410,0.0
2020-10-02,63,1,23951,411,0.0
2020-10-03,75,4,24026,415,0.0
2020-10-04,64,1,24090,416,0.0
2020-10-05,73,1,24163,417,0.0
2020-10-06,75,0,24238,417,0.0
2020-10-07,114,3,24352,420,0.0
2020-10-08,69,2,24421,422,0.0
2020-10-09,54,1,24475,423,0.0
2020-10-10,72,2,24547,425,0.0
2020-10-11,58,2,24605,427,0.0
2020-10-12,98,1,24703,428,0.0
2020-10-13,91,1,24794,429,0.0
2020-10-14,84,4,24878,433,0.0
2020-10-15,110,1,24988,434,0.0
2020-10-16,47,2,25035,436,0.0
2020-10-17,73,2,25108,438,0.0
2020-10-18,91,1,25199,439,0.0
2020-10-19,76,0,25275,439,0.0
2020-10-20,58,3,25333,442,0.0
2020-10-21,89,3,25422,445,0.0
2020-10-22,121,3,25543,448,0.0
2020-10-23,155,2,25698,450,0.0
2020-10-24,77,2,25775,452,0.0
2020-10-25,61,0,25836,452,0.0
2020-10-26,119,0,25955,452,0.0
2020-10-27,88,3,26043,455,0.0
2020-10-28,103,1,26146,456,0.0
2020-10-29,125,1,26271,457,0.0
2020-10-30,113,1,26384,458,0.0
2020-10-31,127,1,26511,459,0.0
2020-11-01,124,2,26635,461,0.0
2020-11-02,97,2,26732,463,0.0
2020-11-03,75,4,26807,467,0.0
2020-11-04,117,2,26924,469,0.0
2020-11-05,125,1,27049,470,0.0
2020-11-06,145,1,27194,471,0.0
2020-11-07,89,1,27283,472,0.0
2020-11-08,143,1,27426,473,0.0
2020-11-09,126,2,27552,475,0.0
2020-11-10,100,4,27652,479,0.0
2020-11-11,145,2,27797,481,0.0
2020-11-12,143,0,27940,481,0.0
2020-11-13,191,1,28131,482,0.0
2020-11-14,205,4,28336,486,0.0
2020-11-15,208,1,28544,487,0.0
2020-11-16,222,1,28766,488,0.0
2020-11-17,230,0,28996,488,0.0
2020-11-18,285,2,29281,490,0.0
2020-11-19,325,2,29606,492,0.0
2020-11-20,348,2,29954,494,0.0
2020-11-21,386,2,30340,496,0.0
2020-11-22,330,2,30670,498,0.0
2020-11-23,271,4,30941,502,0.0
2020-11-24,349,1,31290,503,0.0
2020-11-25,382,3,31672,506,0.0
2020-11-26,581,2,32253,508,0.0
2020-11-27,555,1,32808,509,0.0
2020-11-28,503,6,33311,515,0.0
2020-11-29,450,1,33761,516,0.0
2020-11-30,438,2,34199,518,0.0
2020-12-01,451,0,34650,518,0.0
2020-12-02,511,0,35161,518,0.0
2020-12-03,540,3,35701,521,0.0
2020-12-04,628,7,36329,528,0.0
2020-12-05,577,3,36906,531,0.0
2020-12-06,631,5,37537,536,0.0
2020-12-07,615,4,38152,540,0.0
2020-12-08,587,3,38739,543,0.0
2020-12-09,670,4,39409,547,0.0
2020-12-10,679,8,40088,555,0.0
2020-12-11,689,8,40777,563,0.0
2020-12-12,950,6,41727,569,0.0
2020-12-13,1030,2,42757,571,0.0
2020-12-14,718,7,43475,578,0.0
2020-12-15,879,13,44354,591,0.0
2020-12-16,1078,12,45432,603,0.0
2020-12-17,1013,22,46445,625,0.0
2020-12-18,1064,11,47509,636,0.0
2020-12-19,1045,14,48554,650,0.0
2020-12-20,1096,15,49650,665,0.0
2020-12-21,924,24,50574,689,0.0
2020-12-22,866,23,51440,712,0.0
2020-12-23,1090,17,52530,729,0.0
2020-12-24,985,17,53515,746,0.0
2020-12-25,1240,17,54755,763,0.0
2020-12-26,1131,20,55886,783,0.0
2020-12-27,970,15,56856,798,0.0
2020-12-28,806,11,57662,809,0.0
2020-12-29,1043,40,58705,849,0.0
2020-12-30,1050,20,59755,869,0.0
2020-12-31,967,21,60722,890,0.0
2021-01-01,1027,17,61749,907,0.0
2021-01-02,820,25,62569,932,0.0
2021-01-03,657,20,63226,952,0.0
2021-01-04,1020,19,64246,971,0.0
2021-01-05,714,26,64960,997,0.0
2021-01-06,838,20,65798,1017,0.0
2021-01-07,869,19,66667,1036,0.0
2021-01-08,674,34,67341,1070,0.0
2021-01-09,641,19,67982,1089,0.0
2021-01-10,657,25,68639,1114,0.0
2021-01-11,451,15,69090,1129,0.0
2021-01-12,537,25,69627,1154,0.0
2021-01-13,561,20,70188,1174,0.0
2021-01-14,524,10,70712,1184,0.0
2021-01-15,512,21,71224,1205,0.0
2021-01-16,580,19,71804,1224,0.0
2021-01-17,520,13,72324,1237,0.0
2021-01-18,389,15,72713,1252,0.0
2021-01-19,386,19,73099,1271,0.0
2021-01-20,404,17,73503,1288,0.0
2021-01-21,400,16,73903,1304,0.0
2021-01-22,346,12,74249,1316,0.0
2021-01-23,431,9,74680,1325,0.0
2021-01-24,392,12,75072,1337,0.0
2021-01-25,437,11,75509,1348,0.0
2021-01-26,349,11,75858,1359,0.0
2021-01-27,559,7,76417,1366,0.0
2021-01-28,497,8,76914,1374,0.0
2021-01-29,469,13,77383,1387,0.0
2021-01-30,456,15,77839,1402,0.0
2021-01-31,353,6,78192,1408,0.0
2021-02-01,305,5,78497,1413,0.0
2021-02-02,336,10,78833,1423,0.0
2021-02-03,467,6,79300,1429,0.0
2021-02-04,451,7,79751,1436,0.0
2021-02-05,370,11,80121,1447,0.0
2021-02-06,390,5,80511,1452,0.0
2021-02-07,371,7,80882,1459,0.0
2021-02-08,288,3,81170,1462,0.0
2021-02-09,303,8,81473,1470,0.0
2021-02-10,444,4,81917,1474,0.0
2021-02-11,504,10,82421,1484,0.0
2021-02-12,403,11,82824,1495,0.0
2021-02-13,362,6,83186,1501,0.0
2021-02-14,326,8,83512,1509,0.0
2021-02-15,343,5,83855,1514,0.0
2021-02-16,457,7,84312,1521,0.0
2021-02-17,621,4,84933,1525,0.0
2021-02-18,621,6,85554,1531,0.0
2021-02-19,561,6,86115,1537,0.0
2021-02-20,447,3,86562,1540,0.0
2021-02-21,416,4,86978,1544,0.0
2021-02-22,332,5,87310,1549,0.0
2021-02-23,356,11,87666,1560,0.0
2021-02-24,440,3,88106,1563,0.0
2021-02-25,395,5,88501,1568,0.0
2021-02-26,387,4,88888,1572,33219.0
2021-02-27,415,10,89303,1582,34800.0
2021-02-28,355,8,89658,1590,35749.0
2021-03-01,355,2,90013,1592,37491.0
2021-03-02,344,1,90357,1593,99059.0
2021-03-03,444,6,90801,1599,163793.0
2021-03-04,424,7,91225,1606,231725.0
2021-03-05,398,8,91623,1614,301350.0
2021-03-06,418,5,92041,1619,319576.0
2021-03-07,416,2,92457,1621,321805.0
2021-03-08,346,8,92803,1629,388807.0
2021-03-09,446,3,93249,1632,452049.0
2021-03-10,470,3,93719,1635,506400.0
2021-03-11,465,4,94184,1639,551464.0
2021-03-12,488,9,94672,1648,590197.0
2021-03-13,490,5,95162,1653,594354.0
2021-03-14,459,2,95621,1655,595800.0
2021-03-15,379,5,96000,1660,610204.0
2021-03-16,363,3,96363,1663,630718.0
2021-03-17,469,8,96832,1671,652077.0
2021-03-18,445,2,97277,1673,672625.0
2021-03-19,463,2,97740,1675,690995.0
2021-03-20,447,3,98187,1678,693011.0
2021-03-21,456,3,98643,1681,693728.0
2021-03-22,415,1,99058,1682,698391.0
2021-03-23,346,7,99404,1689,715866.0
2021-03-24,428,3,99832,1692,738946.0
2021-03-25,430,2,100262,1694,766058.0
2021-03-26,489,7,100751,1701,789479.0
2021-03-27,505,5,101256,1706,791347.0
2021-03-28,481,0,101737,1706,791774.0
2021-03-29,382,4,102119,1710,811267.0
2021-03-30,447,3,102566,1713,833973.0
2021-03-31,506,2,103072,1715,855700.0
2021-04-01,551,4,103623,1719,894251.0
2021-04-02,557,2,104180,1721,937055.0
2021-04-03,542,2,104722,1723,946344.0
2021-04-04,543,4,105265,1727,947437.0
2021-04-05,473,4,105738,1731,980856.0
2021-04-06,477,4,106215,1735,1021061.0
2021-04-07,668,4,106883,1739,1065195.0
2021-04-08,700,1,107583,1740,1110189.0
2021-04-09,671,6,108254,1746,1151200.0
2021-04-10,677,1,108931,1747,1162362.0
2021-04-11,614,3,109545,1750,1163474.0
2021-04-12,587,2,110132,1752,1201593.0
2021-04-13,542,5,110674,1757,1243709.0
2021-04-14,731,6,111405,1763,1286683.0
2021-04-15,698,6,112103,1769,1372648.0
2021-04-16,673,2,112776,1771,1469556.0
2021-04-17,658,4,113434,1775,1497918.0
2021-04-18,671,3,114105,1778,1503267.0
2021-04-19,532,4,114637,1782,1618976.0
2021-04-20,549,1,115186,1783,1742806.0
2021-04-21,731,3,115917,1786,1868448.0
2021-04-22,735,2,116652,1788,2010431.0
2021-04-23,797,3,117449,1791,2182293.0
2021-04-24,785,1,118234,1792,2251215.0
2021-04-25,644,1,118878,1793,2258326.0
2021-04-26,499,4,119377,1797,2413952.0
2021-04-27,512,3,119889,1800,2602355.0
2021-04-28,769,1,120658,1801,2842557.0
2021-04-29,679,4,121337,1805,3121073.0
2021-04-30,661,3,121998,1808,3416723.0
2021-05-01,626,3,122624,1811,3463990.0
2021-05-02,606,2,123230,1813,3466611.0
2021-05-03,487,1,123717,1814,3579450.0
2021-05-04,541,6,124258,1820,3681771.0
2021-05-05,676,7,124934,1827,3711996.0
2021-05-06,574,4,125508,1831,3837306.0
2021-05-07,525,9,126033,1840,3956305.0
2021-05-08,701,5,126734,1845,3994890.0
2021-05-09,564,9,127298,1854,4000277.0
2021-05-10,463,1,127761,1855,4086408.0
2021-05-11,510,4,128271,1859,4170835.0
2021-05-12,634,5,128905,1864,4254978.0
2021-05-13,715,5,129620,1869,4337336.0
2021-05-14,747,2,130367,1871,4424229.0
2021-05-15,681,3,131048,1874,4454838.0
2021-05-16,610,4,131658,1878,4460633.0
2021-05-17,619,3,132277,1881,4567646.0
2021-05-18,528,1,132805,1882,4712657.0
2021-05-19,654,8,133459,1890,4802623.0
2021-05-20,646,4,134105,1894,5011889.0
2021-05-21,561,6,134666,1900,5239194.0
2021-05-22,666,4,135332,1904,5279752.0
2021-05-23,585,5,135917,1909,5283291.0
2021-05-24,530,3,136447,1912,5449845.0
2021-05-25,516,4,136963,1916,5612438.0
2021-05-26,705,2,137668,1918,5760009.0
2021-05-27,629,3,138297,1921,6457967.0
2021-05-28,587,3,138884,1924,7052942.0
2021-05-29,533,5,139417,1929,7223541.0
2021-05-30,480,6,139897,1935,7229319.0
2021-05-31,430,2,140327,1937,7629925.0
2021-06-01,459,4,140786,1941,8205078.0
2021-06-02,677,2,141463,1943,8597228.0
2021-06-03,681,3,142144,1946,8955398.0
2021-06-04,695,1,142839,1947,9343645.0
2021-06-05,744,2,143583,1949,9483018.0
2021-06-06,556,2,144139,1951,9486890.0
2021-06-07,485,1,144624,1952,10375042.0
2021-06-08,454,1,145078,1953,11120418.0
2021-06-09,602,2,145680,1955,11714574.0
2021-06-10,610,1,146290,1956,12746083.0
2021-06-11,556,2,146846,1958,13789789.0
2021-06-12,565,1,147411,1959,14290593.0
2021-06-13,452,3,147863,1962,14330624.0
2021-06-14,399,3,148262,1965,15329651.0
2021-06-15,373,4,148635,1969,16159043.0
2021-06-16,545,1,149180,1970,16986042.0
2021-06-17,540,1,149720,1971,17538065.0
2021-06-18,507,2,150227,1973,18184814.0
2021-06-19,482,1,150709,1974,18431762.0
2021-06-20,429,5,151138,1979,18434560.0
2021-06-21,357,2,151495,1981,18589656.0
2021-06-22,394,2,151889,1983,18752954.0
2021-06-23,645,1,152534,1984,18907194.0
2021-06-24,610,1,153144,1985,19052210.0
2021-06-25,634,1,153778,1986,19206799.0
2021-06-26,668,3,154446,1989,19241457.0
2021-06-27,614,1,155060,1990,19243291.0
2021-06-28,501,2,155561,1992,19393067.0
2021-06-29,595,2,156156,1994,19545811.0
2021-06-30,794,1,156950,1995,19689444.0
2021-07-01,761,3,157711,1998,19810089.0
2021-07-02,825,3,158536,2001,19932374.0
2021-07-03,794,1,159330,2002,19951346.0
2021-07-04,743,1,160073,2003,19952874.0
2021-07-05,711,2,160784,2005,20082765.0
2021-07-06,746,4,161530,2009,20210986.0
2021-07-07,1211,1,162741,2010,20334560.0
2021-07-08,1275,1,164016,2011,20478027.0
2021-07-09,1316,2,165332,2013,20684098.0
2021-07-10,1378,2,166710,2015,20737313.0
2021-07-11,1324,5,168034,2020,20739951.0
2021-07-12,1100,1,169134,2021,20863915.0
2021-07-13,1150,2,170284,2023,21080543.0
2021-07-14,1613,1,171897,2024,21313590.0
2021-07-15,1599,2,173496,2026,21578130.0
2021-07-16,1534,1,175030,2027,21895812.0
2021-07-17,1449,4,176479,2031,21967592.0
2021-07-18,1453,2,177932,2033,21971498.0
2021-07-19,1251,1,179183,2034,22201614.0
2021-07-20,1278,1,180461,2035,22411900.0
2021-07-21,1781,1,182242,2036,22590135.0
2021-07-22,1841,3,184083,2039,22789193.0
2021-07-23,1629,3,185712,2042,22994712.0
2021-07-24,1627,2,187339,2044,23035624.0
2021-07-25,1487,5,188826,2049,23038377.0
2021-07-26,1318,4,190144,2053,23715239.0
2021-07-27,1362,2,191506,2055,24141917.0
2021-07-28,1895,4,193401,2059,24659678.0
2021-07-29,1673,2,195074,2061,25048042.0
2021-07-30,1710,4,196784,2065,25600058.0
2021-07-31,1538,6,198322,2071,25827525.0
2021-08-01,1442,3,199764,2074,25856557.0
2021-08-02,1218,1,200982,2075,26358202.0
2021-08-03,1200,5,202182,2080,26681047.0
2021-08-04,1725,2,203907,2082,26954042.0
2021-08-05,1775,3,205682,2085,27270313.0
2021-08-06,1704,4,207386,2089,27677254.0
2021-08-07,1823,3,209209,2092,27833546.0
2021-08-08,1727,5,210936,2097,27863982.0
2021-08-09,1489,4,212425,2101,28457477.0
2021-08-10,1537,9,213962,2110,28880582.0
2021-08-11,2221,1,216183,2111,29214330.0
2021-08-12,1987,3,218170,2114,30071031.0
2021-08-13,1989,6,220159,2120,30917177.0
2021-08-14,1928,4,222087,2124,31236749.0
2021-08-15,1816,7,223903,2131,31259930.0
2021-08-16,1554,11,225457,2142,32160799.0
2021-08-17,1372,6,226829,2148,33345566.0
2021-08-18,1803,5,228632,2153,34163385.0
2021-08-19,2152,13,230784,2166,34941811.0
2021-08-20,2049,6,232833,2172,35939179.0
2021-08-21,1876,5,234709,2177,36412164.0
2021-08-22,1626,13,236335,2190,36452996.0
2021-08-23,1417,7,237752,2197,37523804.0
2021-08-24,1507,6,239259,2203,38491522.0
2021-08-25,2154,9,241413,2212,39304999.0
2021-08-26,1881,20,243294,2232,40342779.0
2021-08-27,1837,8,245131,2240,41452513.0
2021-08-28,1791,11,246922,2251,41957472.0
2021-08-29,1619,3,248541,2254,41984102.0
2021-08-30,1485,5,250026,2259,42931900.0
2021-08-31,1369,1,251395,2260,43666645.0
2021-09-01,2024,7,253419,2267,44338565.0
2021-09-02,1959,11,255378,2278,44985707.0
2021-09-03,1708,4,257086,2282,45875886.0
2021-09-04,1803,6,258889,2288,46233750.0
2021-09-05,1490,6,260379,2294,46247366.0
2021-09-06,1375,6,261754,2300,47570016.0
2021-09-07,1597,3,263351,2303,48513916.0
2021-09-08,2047,4,265398,2307,49165328.0
2021-09-09,2048,9,267446,2316,49865452.0
2021-09-10,1892,5,269338,2321,50888561.0
2021-09-11,1864,10,271202,2331,51393967.0
2021-09-12,1755,1,272957,2332,51434632.0
2021-09-13,1433,1,274390,2333,52631101.0
2021-09-14,1495,7,275885,2340,53408265.0
2021-09-15,2077,12,277962,2352,54177161.0
2021-09-16,1941,6,279903,2358,54882341.0
2021-09-17,2007,3,281910,2361,55926788.0
2021-09-18,2087,5,283997,2366,56474194.0
2021-09-19,1909,10,285906,2376,56518459.0
2021-09-20,1603,5,287509,2381,56560826.0
2021-09-21,1729,4,289238,2385,56572025.0
2021-09-22,1720,6,290958,2391,56613693.0
2021-09-23,1715,8,292673,2399,57492002.0
2021-09-24,2429,6,295102,2405,58468468.0
2021-09-25,3268,7,298370,2412,58968817.0
2021-09-26,2767,9,301137,2421,59014552.0
2021-09-27,2380,6,303517,2427,60086007.0
2021-09-28,2287,8,305804,2435,60988494.0
2021-09-29,2881,10,308685,2445,61704184.0
2021-09-30,2560,7,311245,2452,62550838.0
2021-10-01,2483,16,313728,2468,63595253.0
2021-10-02,2247,7,315975,2475,64095957.0
2021-10-03,2084,3,318059,2478,64130266.0
2021-10-04,1670,6,319729,2484,64355446.0
2021-10-05,1574,11,321303,2495,65122073.0
2021-10-06,2027,12,323330,2507,65633882.0
2021-10-07,2424,8,325754,2515,66344395.0
2021-10-08,2171,10,327925,2525,67423007.0
2021-10-09,1952,6,329877,2531,67525860.0
2021-10-10,1593,15,331470,2546,67543341.0
2021-10-11,1297,8,332767,2554,67786316.0
2021-10-12,1346,11,334113,2565,68439015.0
2021-10-13,1581,11,335694,2576,68872115.0
2021-10-14,1938,12,337632,2588,69357825.0
2021-10-15,1683,8,339315,2596,70116061.0
2021-10-16,1616,18,340931,2614,70500755.0
2021-10-17,1420,16,342351,2630,70519434.0
2021-10-18,1049,8,343400,2638,71183264.0
2021-10-19,1073,21,344473,2659,71634385.0
2021-10-20,1571,9,346044,2668,72001410.0
2021-10-21,1441,11,347485,2679,72449517.0
2021-10-22,1437,16,348922,2695,73104459.0
2021-10-23,1507,19,350429,2714,73460312.0
2021-10-24,1421,20,351850,2734,73477914.0
2021-10-25,1190,7,353040,2741,73963665.0
2021-10-26,1265,15,354305,2756,74272885.0
2021-10-27,1952,9,356257,2765,74597503.0
2021-10-28,2110,11,358367,2776,75241909.0
2021-10-29,2122,8,360489,2784,75951808.0
2021-10-30,2102,13,362591,2797,76313758.0
2021-10-31,2061,19,364652,2816,76335505.0
2021-11-01,1684,9,366336,2825,76561431.0
2021-11-02,1588,16,367924,2841,76737245.0
2021-11-03,2665,18,370589,2859,76925495.0
2021-11-04,2482,24,373071,2883,77144034.0
2021-11-05,2342,20,375413,2903,77416767.0
2021-11-06,2246,20,377659,2923,77539522.0
2021-11-07,2224,11,379883,2934,77545506.0
2021-11-08,1758,13,381641,2947,77984114.0
2021-11-09,1714,18,383355,2965,78232077.0
2021-11-10,2424,13,385779,2978,78487998.0
2021-11-11,2519,21,388298,2999,78755574.0
2021-11-12,2368,18,390666,3017,79104198.0
2021-11-13,2324,32,392990,3049,79297308.0
2021-11-14,2417,20,395407,3069,79304015.0
2021-11-15,2003,12,397410,3081,79600456.0
2021-11-16,2124,22,399534,3103,79806068.0
2021-11-17,3183,20,402717,3123,80038178.0
2021-11-18,3291,29,406008,3152,80261827.0
2021-11-19,3032,28,409040,3180,80524529.0
2021-11-20,3203,29,412243,3209,80622931.0
2021-11-21,3118,30,415361,3239,80627660.0
2021-11-22,2826,24,418187,3263,80895673.0
2021-11-23,2696,30,420883,3293,81093982.0
2021-11-24,4114,34,424997,3327,81343445.0
2021-11-25,3934,39,428931,3366,81644035.0
2021-11-26,3894,39,432825,3405,82054976.0
2021-11-27,4064,52,436889,3457,82195013.0
2021-11-28,3924,56,440813,3513,82199395.0
2021-11-29,3307,32,444120,3545,82500734.0
2021-11-30,3031,44,447151,3589,82743926.0
2021-12-01,5119,33,452270,3622,82984553.0
2021-12-02,5261,48,457531,3670,83239663.0
2021-12-03,4942,32,462473,3702,83626972.0
2021-12-04,5349,70,467822,3772,83790053.0
2021-12-05,5123,43,472945,3815,83797056.0
2021-12-06,4323,41,477268,3856,84187814.0
2021-12-07,4948,64,482216,3920,84546018.0
2021-12-08,7172,63,489388,3983,84933054.0
2021-12-09,7100,56,496488,4039,85463364.0
2021-12-10,7015,53,503503,4092,86335718.0
2021-12-11,6970,80,510473,4172,86664998.0
2021-12-12,6680,42,517153,4214,86676911.0
2021-12-13,5816,40,522969,4254,87579609.0
2021-12-14,5564,94,528533,4348,88460481.0
2021-12-15,7840,67,536373,4415,89510371.0
2021-12-16,7614,62,543987,4477,90563797.0
2021-12-17,7431,72,551418,4549,91908879.0
2021-12-18,7307,53,558725,4602,92533806.0
2021-12-19,6231,76,564956,4678,92570398.0
2021-12-20,5313,53,570269,4731,93569478.0
2021-12-21,5191,52,575460,4783,94355193.0
2021-12-22,7447,78,582907,4861,95087512.0
2021-12-23,6910,108,589817,4969,95782953.0
2021-12-24,6229,56,596046,5025,96678087.0
2021-12-25,5836,101,601882,5126,96751115.0
2021-12-26,5413,68,607295,5194,96780686.0
2021-12-27,4203,55,611498,5249,97656599.0
2021-12-28,3863,46,615361,5295,98343213.0
2021-12-29,5401,36,620762,5331,98956863.0
2021-12-30,5032,72,625794,5403,99577016.0
2021-12-31,4871,108,630665,5511,100393112.0
2022-01-01,4411,62,635076,5573,100435161.0
2022-01-02,3825,69,638901,5642,100456077.0
2022-01-03,3124,36,642025,5678,101041798.0
2022-01-04,3019,50,645044,5728,101472005.0
2022-01-05,4441,57,649485,5785,101885867.0
2022-01-06,4118,48,653603,5833,102356542.0
2022-01-07,3706,45,657309,5878,103061259.0
2022-01-08,3502,54,660811,5932,103472624.0
2022-01-09,3364,51,664175,5983,103492920.0
2022-01-10,3003,34,667178,6017,104045147.0
2022-01-11,3087,43,670265,6060,104459812.0
2022-01-12,4380,52,674645,6112,104820942.0
2022-01-13,4158,44,678803,6156,105239331.0
2022-01-14,4534,48,683337,6204,105899547.0
2022-01-15,4412,22,687749,6226,106220989.0
2022-01-16,4183,29,691932,6255,106240123.0
2022-01-17,3852,23,695784,6278,106687517.0
2022-01-18,4064,45,699848,6323,106988343.0
2022-01-19,5795,73,705643,6396,107241756.0
2022-01-20,6598,28,712241,6424,107561567.0
2022-01-21,6762,21,719003,6445,108070975.0
2022-01-22,6987,28,725990,6473,108327557.0
2022-01-23,7620,11,733610,6484,108341767.0
2022-01-24,7505,25,741115,6509,108669235.0
2022-01-25,8568,23,749683,6532,108931708.0
2022-01-26,12997,32,762680,6564,109200361.0
2022-01-27,14505,33,777185,6597,109526874.0
2022-01-28,16079,24,793264,6621,110031360.0
2022-01-29,17499,34,810763,6655,110357966.0
2022-01-30,17513,20,828276,6675,110381640.0
2022-01-31,17066,23,845342,6698,110400967.0
2022-02-01,18327,17,863669,6715,110404008.0
2022-02-02,20259,15,883928,6730,110417126.0
2022-02-03,22832,24,906760,6754,110784946.0
2022-02-04,27421,23,934181,6777,111164151.0
2022-02-05,36308,22,970489,6799,111368672.0
2022-02-06,38673,14,1009162,6813,111380505.0
2022-02-07,35249,13,1044411,6826,111639783.0
2022-02-08,36694,35,1081105,6861,111812667.0
2022-02-09,49508,21,1130613,6882,111967620.0
2022-02-10,54102,20,1184715,6902,112181051.0
2022-02-11,53859,48,1238574,6950,112493670.0
2022-02-12,54917,33,1293491,6983,112657739.0
2022-02-13,56363,35,1349854,7018,112666268.0
2022-02-14,54523,21,1404377,7039,112870274.0
2022-02-15,57140,61,1461517,7100,113019589.0
2022-02-16,90411,39,1551928,7139,113157972.0
2022-02-17,93104,36,1645032,7175,113337913.0
2022-02-18,109780,44,1754812,7219,113595404.0
2022-02-19,102174,69,1856986,7288,113729132.0
2022-02-20,104794,51,1961780,7339,113736934.0
2022-02-21,95337,45,2057117,7384,113902731.0
2022-02-22,99531,58,2156648,7442,114020498.0
2022-02-23,171415,99,2328063,7541,114133475.0
2022-02-24,169974,82,2498037,7623,114291835.0
2022-02-25,165834,93,2663871,7716,114527723.0
2022-02-26,166169,112,2830040,7828,114647664.0
2022-02-27,163525,49,2993565,7877,114653623.0
2022-02-28,139604,114,3133169,7991,114803336.0
2022-03-01,138966,111,3272135,8102,114808528.0
2022-03-02,219194,95,3491329,8197,114875431.0
2022-03-03,198783,126,3690112,8323,114943919.0
2022-03-04,266820,182,3956932,8505,115051496.0
2022-03-05,254284,214,4211216,8719,115105337.0
2022-03-06,243589,159,4454805,8878,115107005.0
2022-03-07,210679,138,4665484,9016,115182778.0
2022-03-08,202645,185,4868129,9201,115231815.0
2022-03-09,342396,156,5210525,9357,115241715.0
2022-03-10,327492,205,5538017,9562,115311467.0
2022-03-11,282949,225,5820966,9787,115412517.0
2022-03-12,383611,269,6204577,10056,115452927.0
2022-03-13,350126,249,6554703,10305,115453730.0
2022-03-14,309741,200,6864444,10505,115507810.0
2022-03-15,362222,293,7226666,10798,115543259.0
2022-03-16,400445,163,7627111,10961,115577979.0
2022-03-17,621035,427,8248146,11388,115624633.0
2022-03-18,406778,300,8654924,11688,115705734.0
2022-03-19,381317,312,9036241,12000,115736521.0
2022-03-20,334545,326,9370786,12326,115737063.0
2022-03-21,209087,329,9579873,12655,115786321.0
2022-03-22,353850,379,9933723,13034,115816498.0
2022-03-23,490671,291,10424394,13325,115851169.0
2022-03-24,395486,465,10819880,13790,115893592.0
2022-03-25,339420,391,11159300,14181,115963903.0
2022-03-26,335475,319,11494775,14500,115998088.0
2022-03-27,318013,281,11812788,14781,115998607.0
2022-03-28,187129,284,11999917,15065,116040567.0
2022-03-29,347434,235,12347351,15300,116064766.0
2022-03-30,424532,429,12771883,15729,116091664.0
2022-03-31,320654,368,13092537,16097,116129187.0
2022-04-01,280210,360,13372747,16457,116182276.0
2022-04-02,264132,338,13636879,16795,116207437.0
2022-04-03,234233,304,13871112,17099,116207799.0
2022-04-04,127154,215,13998266,17314,116233535.0
2022-04-05,266066,207,14264332,17521,116248512.0
2022-04-06,286222,367,14550554,17888,116267835.0
2022-04-07,224763,345,14775317,18233,116291471.0
2022-04-08,205286,372,14980603,18605,116331770.0
2022-04-09,185506,335,15166109,18940,116347178.0
2022-04-10,164426,327,15330535,19267,116347373.0
2022-04-11,90895,256,15421430,19523,116362779.0
2022-04-12,210695,170,15632125,19693,116373183.0
2022-04-13,195363,183,15827488,19876,116387745.0
2022-04-14,148412,316,15975900,20192,116404868.0
2022-04-15,125807,261,16101707,20453,116436332.0
2022-04-16,107877,270,16209584,20723,116446098.0
2022-04-17,92957,203,16302541,20926,116446249.0
2022-04-18,47715,131,16350256,21057,116455699.0
2022-04-19,118460,130,16468716,21187,116463016.0
2022-04-20,111278,165,16579994,21352,116473445.0
2022-04-21,90830,147,16670824,21499,116485144.0
2022-04-22,81033,205,16751857,21704,116507551.0
2022-04-23,75401,151,16827258,21855,116514586.0
2022-04-24,64672,109,16891930,21964,116514743.0
2022-04-25,34358,109,16926288,22073,116524659.0
2022-04-26,80324,81,17006612,22154,116532905.0
2022-04-27,76751,140,17083363,22294,116542271.0
2022-04-28,57448,121,17140811,22415,116553229.0
2022-04-29,50552,136,17191363,22551,116573812.0
2022-04-30,43269,70,17234632,22621,116581091.0
2022-05-01,37753,80,17272385,22701,116581229.0
2022-05-02,20067,81,17292452,22782,116594788.0
2022-05-03,51110,48,17343562,22830,116605155.0
2022-05-04,49048,72,17392610,22902,116614778.0
2022-05-05,42281,78,17434891,22980,116615318.0
2022-05-06,26691,48,17461582,23028,116633523.0
2022-05-07,39584,82,17501166,23110,116638273.0
2022-05-08,40038,70,17541204,23180,116638363.0
2022-05-09,20581,40,17561785,23220,116650406.0
2022-05-10,49914,62,17611699,23282,116658196.0
2022-05-11,43905,29,17655604,23311,116666380.0
2022-05-12,35889,63,17691493,23374,116674861.0
2022-05-13,32433,52,17723926,23426,116687371.0
2022-05-14,29567,54,17753493,23480,116691855.0
2022-05-15,25418,48,17778911,23528,116691951.0
2022-05-16,13285,34,17792196,23562,116699379.0
2022-05-17,35101,27,17827297,23589,116705334.0
2022-05-18,31337,31,17858634,23620,116711601.0
2022-05-19,28117,36,17886751,23656,116718206.0
2022-05-20,25116,42,17911867,23698,116728753.0
2022-05-21,23447,26,17935314,23724,116732482.0
2022-05-22,19283,54,17954597,23778,116732581.0
2022-05-23,9970,21,17964567,23799,116738602.0
2022-05-24,26332,19,17990899,23818,116743410.0
2022-05-25,23938,23,18014837,23841,116748968.0
2022-05-26,18805,34,18033642,23875,116755983.0
2022-05-27,16567,40,18050209,23915,116770048.0
2022-05-28,14388,36,18064597,23951,116775720.0
2022-05-29,12642,19,18077239,23970,116775809.0
2022-05-30,6132,9,18083371,23979,116782483.0
2022-05-31,17175,9,18100546,23988,116787851.0
2022-06-01,15782,21,18116328,24009,116789021.0
2022-06-02,9882,14,18126210,24023,116796923.0
2022-06-03,12527,17,18138737,24040,116809638.0
2022-06-04,12018,9,18150755,24049,116814151.0
2022-06-05,9825,20,18160580,24069,116814216.0
2022-06-06,5011,21,18165591,24090,116814669.0
2022-06-07,6171,20,18171762,24110,116819233.0
2022-06-08,13335,6,18185097,24116,116823789.0
2022-06-09,12143,18,18197240,24134,116828046.0
2022-06-10,9301,18,18206541,24152,116837093.0
2022-06-11,8432,10,18214973,24162,116840278.0
2022-06-12,7369,20,18222342,24182,116840322.0
2022-06-13,3814,17,18226156,24199,116843756.0
2022-06-14,9761,2,18235917,24201,116846317.0
2022-06-15,9417,9,18245334,24210,116849334.0
2022-06-16,7970,7,18253304,24217,116852469.0
2022-06-17,7185,9,18260489,24226,116858874.0
2022-06-18,6816,11,18267305,24237,116861247.0
2022-06-19,6060,14,18273365,24251,116861279.0
2022-06-20,3516,10,18276881,24261,116863955.0
2022-06-21,9289,11,18286170,24272,116866279.0
2022-06-22,8970,11,18295140,24283,116868693.0
2022-06-23,7487,14,18302627,24297,116871374.0
2022-06-24,7187,9,18309814,24306,116876821.0
2022-06-25,6772,17,18316586,24323,116878966.0
2022-06-26,6234,6,18322820,24329,116879008.0
2022-06-27,3416,3,18326236,24332,116881579.0
2022-06-28,9879,5,18336115,24337,116883950.0
2022-06-29,10428,7,18346543,24344,116886377.0
2022-06-30,9583,10,18356126,24354,116888581.0
2022-07-01,9511,8,18365637,24362,116893124.0
2022-07-02,10701,7,18376338,24369,116894956.0
2022-07-03,10028,8,18386366,24377,116894991.0
2022-07-04,6232,4,18392598,24381,116897535.0
2022-07-05,18114,2,18410712,24383,116899648.0
2022-07-06,19335,7,18430047,24390,116902239.0
2022-07-07,18482,10,18448529,24400,116905077.0
2022-07-08,19286,12,18467815,24412,116910631.0
2022-07-09,20253,19,18488068,24431,116912946.0
2022-07-10,20368,19,18508436,24450,116912995.0
2022-07-11,12666,18,18521102,24468,116916331.0
2022-07-12,37324,7,18558426,24475,116919168.0
2022-07-13,40223,12,18598649,24487,116922495.0
2022-07-14,39139,16,18637788,24503,116926301.0
2022-07-15,38848,15,18676636,24518,116933140.0
2022-07-16,41284,15,18717920,24533,116935764.0
2022-07-17,40306,14,18758226,24547,116935806.0
2022-07-18,26259,11,18784485,24558,116940652.0
2022-07-19,73515,12,18858000,24570,116945141.0
2022-07-20,76333,12,18934333,24582,116950247.0
2022-07-21,71106,17,19005439,24599,116955861.0
2022-07-22,68574,31,19074013,24630,116966384.0
2022-07-23,68510,30,19142523,24660,116970249.0
2022-07-24,65342,18,19207865,24678,116970329.0
2022-07-25,35840,17,19243705,24695,116975739.0
2022-07-26,99199,17,19342904,24712,116980218.0
2022-07-27,100188,25,19443092,24737,116984493.0
2022-07-28,88313,25,19531405,24762,116988662.0
2022-07-29,85246,35,19616651,24797,116995389.0
2022-07-30,81901,35,19698552,24832,116997656.0
2022-07-31,73537,20,19772089,24852,116997692.0
2022-08-01,44611,21,19816700,24873,117002149.0
2022-08-02,111723,14,19928423,24887,117006233.0
2022-08-03,119835,25,20048258,24912,117010461.0
2022-08-04,107821,34,20156079,24946,117014939.0
2022-08-05,112793,46,20268872,24992,117022434.0
2022-08-06,110598,44,20379470,25036,117025237.0
2022-08-07,105435,27,20484905,25063,117025287.0
2022-08-08,55226,28,20540131,25091,117029734.0
2022-08-09,149833,40,20689964,25131,117033786.0
2022-08-10,151706,50,20841670,25181,117037590.0
2022-08-11,137136,58,20978806,25239,117041448.0
2022-08-12,128634,57,21107440,25296,117048067.0
2022-08-13,124515,66,21231955,25362,117050533.0
2022-08-14,119508,57,21351463,25419,117050573.0
2022-08-15,62032,50,21413495,25469,117050874.0
2022-08-16,84076,37,21497571,25506,117054556.0
2022-08-17,180728,42,21678299,25548,117058268.0
2022-08-18,178479,61,21856778,25609,117062142.0
2022-08-19,138741,82,21995519,25691,117068884.0
2022-08-20,129333,83,22124852,25774,117071643.0
2022-08-21,110886,64,22235738,25838,117071675.0
2022-08-22,59006,64,22294744,25902,117075099.0
2022-08-23,150182,52,22444926,25954,117078077.0
2022-08-24,139269,63,22584195,26017,117080901.0
2022-08-25,113329,107,22697524,26124,117084222.0
2022-08-26,101094,81,22798618,26205,117089492.0
2022-08-27,95553,85,22894171,26290,117091672.0
2022-08-28,85212,69,22979383,26359,117091706.0
2022-08-29,43100,48,23022483,26407,117094853.0
2022-08-30,115592,71,23138075,26478,117097397.0
2022-08-31,103901,75,23241976,26553,117100050.0
2022-09-01,81543,110,23323519,26663,117102800.0
2022-09-02,89536,63,23413055,26726,117107035.0
2022-09-03,79698,74,23492753,26800,117108873.0
2022-09-04,72099,77,23564852,26877,117108919.0
2022-09-05,37519,55,23602371,26932,117111404.0
2022-09-06,99793,43,23702164,26975,117113532.0
2022-09-07,85486,54,23787650,27029,117116131.0
2022-09-08,72612,64,23860262,27093,117119184.0
2022-09-09,69376,67,23929638,27160,117119493.0
2022-09-10,42677,47,23972315,27207,117119516.0
2022-09-11,28186,47,24000501,27254,117119526.0
2022-09-12,36911,21,24037412,27275,117119865.0
2022-09-13,57271,34,24094683,27309,117122253.0
2022-09-14,93945,60,24188628,27369,117124585.0
2022-09-15,71436,70,24260064,27439,117127078.0
2022-09-16,51837,58,24311901,27497,117131163.0
2022-09-17,43422,56,24355323,27553,117132989.0
2022-09-18,34728,46,24390051,27599,117133024.0
2022-09-19,19378,39,24409429,27638,117135153.0
2022-09-20,47879,24,24457308,27662,117137072.0
2022-09-21,41251,57,24498559,27719,117138838.0
2022-09-22,32986,58,24531545,27777,117140809.0
2022-09-23,29083,68,24560628,27845,117144127.0
2022-09-24,29324,63,24589952,27908,117145535.0
2022-09-25,25757,72,24615709,27980,117145558.0
2022-09-26,14149,33,24629858,28013,117147788.0
2022-09-27,39391,26,24669249,28039,117149648.0
2022-09-28,36119,45,24705368,28084,117151618.0
2022-09-29,30845,46,24736213,28130,117153745.0
2022-09-30,28484,41,24764697,28171,117157448.0
2022-10-01,26942,38,24791639,28209,117159001.0
2022-10-02,23572,44,24815211,28253,117159033.0
2022-10-03,12141,20,24827352,28273,117159243.0
2022-10-04,16412,19,24843764,28292,117161517.0
2022-10-05,34716,16,24878480,28308,117163682.0
2022-10-06,28632,28,24907112,28336,117165902.0
2022-10-07,22279,41,24929391,28377,117169688.0
2022-10-08,19419,31,24948810,28408,117171547.0
2022-10-09,17645,29,24966455,28437,117171590.0
2022-10-10,8968,23,24975423,28460,117172096.0
2022-10-11,15460,10,24990883,28470,117174475.0
2022-10-12,30509,15,25021392,28485,117176751.0
2022-10-13,26925,25,25048317,28510,117179098.0
2022-10-14,23571,36,25071888,28546,117183149.0
2022-10-15,22824,24,25094712,28570,117184976.0
2022-10-16,21453,32,25116165,28602,117185022.0
2022-10-17,11021,10,25127186,28612,117187681.0
2022-10-18,33215,5,25160401,28617,117189940.0
2022-10-19,29485,42,25189886,28659,117192272.0
2022-10-20,25365,23,25215251,28682,117194699.0
2022-10-21,24725,29,25239976,28711,117199054.0
2022-10-22,26890,22,25266866,28733,117201122.0
2022-10-23,26233,16,25293099,28749,117201183.0
2022-10-24,14296,10,25307395,28759,117204328.0
2022-10-25,43734,16,25351129,28775,117206742.0
2022-10-26,40811,25,25391940,28800,117209126.0
2022-10-27,34969,26,25426909,28826,117211687.0
2022-10-28,35912,30,25462821,28856,117215881.0
2022-10-29,37307,31,25500128,28887,117217872.0
2022-10-30,34490,28,25534618,28915,117217922.0
2022-10-31,18500,17,25553118,28932,117220916.0
2022-11-01,58354,31,25611472,28963,117223304.0
2022-11-02,54729,30,25666201,28993,117225633.0
2022-11-03,46874,41,25713075,29034,117228221.0
2022-11-04,43430,34,25756505,29068,117232089.0
2022-11-05,40887,40,25797392,29108,117234018.0
2022-11-06,36658,18,25834050,29126,117234061.0
2022-11-07,18661,18,25852711,29144,117236698.0
2022-11-08,62258,29,25914969,29173,117238731.0
2022-11-09,62459,58,25977428,29231,117240809.0
2022-11-10,55343,51,26032771,29282,117243006.0
2022-11-11,54495,40,26087266,29322,117246778.0
2022-11-12,54303,45,26141569,29367,117248668.0
2022-11-13,48442,48,26190011,29415,117248723.0
2022-11-14,23747,43,26213758,29458,117251320.0
2022-11-15,72859,39,26286617,29497,117253340.0
2022-11-16,66562,46,26353179,29543,117255386.0
2022-11-17,55410,67,26408589,29610,117257804.0
2022-11-18,49391,60,26457980,29670,117261488.0
2022-11-19,50559,64,26508539,29734,117263474.0
2022-11-20,45994,41,26554533,29775,117263550.0
2022-11-21,23072,35,26577605,29810,117266198.0
2022-11-22,72852,43,26650457,29853,117268393.0
2022-11-23,70295,53,26720752,29906,117270581.0
2022-11-24,59063,59,26779815,29965,117272742.0
2022-11-25,53681,53,26833496,30018,117276067.0
2022-11-26,52773,51,26886269,30069,117277923.0
2022-11-27,47006,39,26933275,30108,117278011.0
2022-11-28,22311,44,26955586,30152,117280560.0
2022-11-29,71460,41,27027046,30193,117282614.0
2022-11-30,67390,51,27094436,30244,117284578.0
2022-12-01,57055,62,27151491,30306,117286422.0
2022-12-02,52970,52,27204461,30358,117288976.0
2022-12-03,52847,48,27257308,30406,117290623.0
2022-12-04,46544,60,27303852,30466,117290713.0
2022-12-05,23150,39,27327002,30505,117292756.0
2022-12-06,77582,22,27404584,30527,117294227.0
2022-12-07,74692,54,27479276,30581,117295683.0
2022-12-08,65231,61,27544507,30642,117297206.0
2022-12-09,62710,67,27607217,30709,117299324.0
2022-12-10,62719,54,27669936,30763,117300423.0
2022-12-11,54293,40,27724229,30803,117300487.0
2022-12-12,25653,30,27749882,30833,117301983.0
2022-12-13,86819,29,27836701,30862,117303218.0
2022-12-14,84546,44,27921247,30906,117304454.0
2022-12-15,70139,58,27991386,30964,117305699.0
2022-12-16,66930,66,28058316,31030,117307576.0
2022-12-17,66904,54,28125220,31084,117307900.0
2022-12-18,58833,41,28184053,31125,117307904.0
2022-12-19,26608,37,28210661,31162,117308344.0
2022-12-20,87521,56,28298182,31218,117308777.0
2022-12-21,88143,56,28386325,31274,117309216.0
2022-12-22,75716,61,28462041,31335,117309622.0
2022-12-23,68141,62,28530182,31397,117310182.0
2022-12-24,66182,69,28596364,31466,117310411.0
2022-12-25,58402,45,28654766,31511,117310415.0
2022-12-26,25523,42,28680289,31553,117310869.0
2022-12-27,87573,48,28767862,31601,117311329.0
2022-12-28,87480,69,28855342,31670,117311836.0
2022-12-29,71392,75,28926734,31745,117312322.0
2022-12-30,65194,68,28991928,31813,117312985.0
2022-12-31,63086,61,29055014,31874,117313199.0
2023-01-01,57492,63,29112506,31937,117313200.0
2023-01-02,22720,53,29135226,31990,117313634.0
2023-01-03,81027,29,29216253,32019,117314074.0
2023-01-04,78540,53,29294793,32072,117314446.0
2023-01-05,64075,64,29358868,32136,117314901.0
2023-01-06,56920,73,29415788,32209,117315558.0
2023-01-07,53770,60,29469558,32269,117315862.0
2023-01-08,46737,33,29516295,32302,117315870.0
2023-01-09,19081,35,29535376,32337,117316361.0
2023-01-10,60019,44,29595395,32381,117316836.0
2023-01-11,54315,75,29649710,32456,117317375.0
2023-01-12,43919,70,29693629,32526,117317916.0
2023-01-13,39700,49,29733329,32575,117318564.0
2023-01-14,36676,45,29770005,32620,117318841.0
2023-01-15,32549,36,29802554,32656,117318844.0
2023-01-16,14127,34,29816681,32690,117319379.0
2023-01-17,40169,30,29856850,32720,117319820.0
2023-01-18,36883,42,29893733,32762,117320340.0
2023-01-19,29800,47,29923533,32809,117320814.0
2023-01-20,27375,30,29950908,32839,117321472.0
2023-01-21,27637,51,29978545,32890,117321512.0
2023-01-22,16612,24,29995157,32914,117321513.0
2023-01-23,9210,26,30004367,32940,117321517.0
2023-01-24,12247,10,30016614,32950,117321558.0
2023-01-25,19521,25,30036135,32975,117322055.0
2023-01-26,35071,25,30071206,33000,117322542.0
2023-01-27,31695,36,30102901,33036,117323194.0
2023-01-28,23590,29,30126491,33065,117323509.0
2023-01-29,18861,29,30145352,33094,117323519.0
2023-01-30,7411,30,30152763,33124,117323981.0
2023-01-31,19611,24,30172374,33148,117324435.0
2023-02-01,20412,41,30192786,33189,117324773.0
2023-02-02,16849,36,30209635,33225,117325094.0
2023-02-03,14951,30,30224586,33255,117325581.0
2023-02-04,14612,22,30239198,33277,117325790.0
2023-02-05,14004,22,30253202,33299,117325802.0
2023-02-06,5847,16,30259049,33315,117326153.0
2023-02-07,16109,10,30275158,33325,117326475.0
2023-02-08,17920,22,30293078,33347,117326820.0
2023-02-09,14658,34,30307736,33381,117327153.0
2023-02-10,13497,17,30321233,33398,117327608.0
2023-02-11,12799,16,30334032,33414,117327830.0
2023-02-12,12038,23,30346070,33437,117327841.0
2023-02-13,5166,11,30351236,33448,117328112.0
2023-02-14,14361,11,30365597,33459,117328424.0
2023-02-15,14948,24,30380545,33483,117328768.0
2023-02-16,12511,22,30393056,33505,117329070.0
2023-02-17,11430,27,30404486,33532,117329524.0
2023-02-18,10714,12,30415200,33544,117329737.0
2023-02-19,10268,12,30425468,33556,117329743.0
2023-02-20,4316,9,30429784,33565,117330029.0
2023-02-21,11867,8,30441651,33573,117330453.0
2023-02-22,13067,14,30454718,33587,117330892.0
2023-02-23,10839,22,30465557,33609,117331317.0
2023-02-24,10037,20,30475594,33629,117331887.0
2023-02-25,10050,11,30485644,33640,117332124.0
2023-02-26,9204,6,30494848,33646,117332133.0
2023-02-27,4016,15,30498864,33661,117332450.0
2023-02-28,10807,16,30509671,33677,117332801.0
2023-03-01,12286,11,30521957,33688,117332841.0
2023-03-02,7547,15,30529504,33703,117333148.0
2023-03-03,10403,11,30539907,33714,117333523.0
2023-03-04,11241,6,30551148,33720,117333735.0
2023-03-05,9807,5,30560955,33725,117333737.0
2023-03-06,4293,9,30565248,33734,117333947.0
2023-03-07,12272,15,30577520,33749,117334182.0
2023-03-08,12787,12,30590307,33761,117334478.0
2023-03-09,10881,20,30601188,33781,117334724.0
2023-03-10,10327,12,30611515,33793,117335112.0
2023-03-11,9999,3,30621514,33796,117335315.0
2023-03-12,9331,7,30630845,33803,117335322.0
2023-03-13,4196,12,30635041,33815,117335515.0
2023-03-14,11397,6,30646438,33821,117335769.0
2023-03-15,11892,10,30658330,33831,117336017.0
2023-03-16,9928,17,30668258,33848,117336259.0
2023-03-17,9061,7,30677319,33855,117336577.0
2023-03-18,9246,4,30686565,33859,117336737.0
2023-03-19,8800,3,30695365,33862,117336742.0
2023-03-20,3924,9,30699289,33871,117336925.0
2023-03-21,12009,7,30711298,33878,117337123.0
2023-03-22,13071,9,30724369,33887,117337293.0
2023-03-23,11395,14,30735764,33901,117337523.0
2023-03-24,10275,10,30746039,33911,117337810.0
2023-03-25,10446,6,30756485,33917,117337933.0
2023-03-26,9354,3,30765839,33920,117337936.0
2023-03-27,4199,3,30770038,33923,117338127.0
2023-03-28,12122,8,30782160,33931,117338335.0
2023-03-29,13127,14,30795287,33945,117338548.0
2023-03-30,11028,10,30806315,33955,117338762.0
2023-03-31,10358,10,30816673,33965,117339040.0
2023-04-01,10515,5,30827188,33970,117339169.0
2023-04-02,9686,4,30836874,33974,117339177.0
2023-04-03,4348,7,30841222,33981,117339348.0
2023-04-04,13363,8,30854585,33989,117339544.0
2023-04-05,14454,7,30869039,33996,117339738.0
2023-04-06,12071,12,30881110,34008,117339925.0
2023-04-07,10724,9,30891834,34017,117340180.0
2023-04-08,10360,4,30902194,34021,117340339.0
2023-04-09,9538,2,30911732,34023,117340345.0
2023-04-10,3995,8,30915727,34031,117340546.0
2023-04-11,12436,9,30928163,34040,117340738.0
2023-04-12,13917,14,30942080,34054,117340930.0
2023-04-13,11589,5,30953669,34059,117341121.0
2023-04-14,11661,5,30965330,34064,117341412.0
2023-04-15,11674,2,30977004,34066,117341547.0
2023-04-16,10182,4,30987186,34070,117341550.0
2023-04-17,4936,4,30992122,34074,117341706.0
2023-04-18,15163,10,31007285,34084,117341927.0
2023-04-19,16495,6,31023780,34090,117342206.0
2023-04-20,14084,9,31037864,34099,117342443.0
2023-04-21,13588,7,31051452,34106,117342748.0
2023-04-22,13789,5,31065241,34111,117342871.0
2023-04-23,11821,5,31077062,34116,117342879.0
2023-04-24,5020,8,31082082,34124,117343032.0
2023-04-25,14809,6,31096891,34130,117343206.0
2023-04-26,16378,15,31113269,34145,117343362.0
2023-04-27,14272,11,31127541,34156,117343555.0
2023-04-28,13778,10,31141319,34166,117343837.0
2023-04-29,14807,3,31156126,34169,117343935.0
2023-04-30,13610,5,31169736,34174,117343939.0
2023-05-01,5771,8,31175507,34182,117344060.0
2023-05-02,15729,10,31191236,34192,117344205.0
2023-05-03,20190,8,31211426,34200,117344359.0
2023-05-04,20139,7,31231565,34207,117344517.0
2023-05-05,18738,6,31250303,34213,117344531.0
2023-05-06,11787,2,31262090,34215,117344590.0
2023-05-07,14734,6,31276824,34221,117344592.0
2023-05-08,8154,7,31284978,34228,117344700.0
2023-05-09,21674,14,31306652,34242,117344829.0
2023-05-10,23513,21,31330165,34263,117344939.0
2023-05-11,20567,11,31350732,34274,117345039.0
2023-05-12,19983,8,31370715,34282,117345176.0
2023-05-13,19341,6,31390056,34288,117345239.0
2023-05-14,17382,6,31407438,34294,117345241.0
2023-05-15,7173,6,31414611,34300,117345317.0
2023-05-16,23670,13,31438281,34313,117345396.0
2023-05-17,26127,11,31464408,34324,117345486.0
2023-05-18,21783,18,31486191,34342,117345557.0
2023-05-19,19576,13,31505767,34355,117345645.0
2023-05-20,18098,5,31523865,34360,117345712.0
2023-05-21,16802,5,31540667,34365,117345713.0
2023-05-22,6794,12,31547461,34377,117345779.0
2023-05-23,21376,15,31568837,34392,117345838.0
2023-05-24,22950,17,31591787,34409,117345897.0
2023-05-25,19070,17,31610857,34426,117345968.0
2023-05-26,17925,15,31628782,34441,117346070.0
2023-05-27,17792,3,31646574,34444,117346079.0
2023-05-28,11724,2,31658298,34446,117346079.0
2023-05-29,6863,3,31665161,34449,117346097.0
2023-05-30,13517,7,31678678,34456,117346295.0
2023-05-31,24405,17,31703083,34473,117346368.0
2023-06-01,24598,18,31727681,34491,117346447.0
2023-06-02,19718,11,31747399,34502,117346536.0
2023-06-03,18736,9,31766135,34511,117346587.0
2023-06-04,16171,1,31782306,34512,117346588.0
2023-06-05,6945,2,31789251,34514,117346656.0
2023-06-06,19506,4,31808757,34518,117346664.0
2023-06-07,15154,4,31823911,34522,117346760.0
2023-06-08,20448,20,31844359,34542,117346846.0
2023-06-09,21211,20,31865570,34562,117346917.0
2023-06-10,17764,5,31883334,34567,117346958.0
2023-06-11,16001,8,31899335,34575,117346959.0
2023-06-12,4977,4,31904312,34579,117347008.0
2023-06-13,20804,14,31925116,34593,117347084.0
2023-06-14,20709,13,31945825,34606,117347158.0
2023-06-15,17418,16,31963243,34622,117347227.0
2023-06-16,16485,11,31979728,34633,117347335.0
2023-06-17,16747,4,31996475,34637,117347369.0
2023-06-18,15316,3,32011791,34640,117347369.0
2023-06-19,6375,4,32018166,34644,117347425.0
2023-06-20,19734,4,32037900,34648,117347509.0
2023-06-21,20961,13,32058861,34661,117347586.0
2023-06-22,17131,14,32075992,34675,117347636.0
2023-06-23,16246,10,32092238,34685,117347722.0
2023-06-24,16413,6,32108651,34691,117347743.0
2023-06-25,16062,5,32124713,34696,117347743.0
2023-06-26,6592,4,32131305,34700,117347781.0
2023-06-27,20847,10,32152152,34710,117347846.0
2023-06-28,21533,13,32173685,34723,117347944.0
2023-06-29,19297,11,32192982,34734,117347985.0
2023-06-30,18877,11,32211859,34745,117348040.0
2023-07-01,18882,3,32230741,34748,117348071.0
2023-07-02,17590,2,32248331,34750,117348071.0
2023-07-03,7513,3,32255844,34753,117348123.0
2023-07-04,25660,3,32281504,34756,117348186.0
2023-07-05,27434,11,32308938,34767,117348232.0
2023-07-06,24356,12,32333294,34779,117348276.0
2023-07-07,24767,7,32358061,34786,117348343.0
2023-07-08,25672,3,32383733,34789,117348367.0
2023-07-09,22566,2,32406299,34791,117348367.0
2023-07-10,9255,2,32415554,34793,117348418.0
2023-07-11,31224,4,32446778,34797,117348454.0
2023-07-12,34118,10,32480896,34807,117348498.0
2023-07-13,29347,13,32510243,34820,117348529.0
2023-07-14,29556,4,32539799,34824,117348557.0
2023-07-15,30870,5,32570669,34829,117348581.0
2023-07-16,28420,5,32599089,34834,117348581.0
2023-07-17,12114,4,32611203,34838,117348598.0
2023-07-18,41993,3,32653196,34841,117348638.0
2023-07-19,47028,6,32700224,34847,117348696.0
2023-07-20,40856,10,32741080,34857,117348729.0
2023-07-21,40897,14,32781977,34871,117348768.0
2023-07-22,42497,7,32824474,34878,117348779.0
2023-07-23,41573,7,32866047,34885,117348784.0
2023-07-24,16778,7,32882825,34892,117348811.0
2023-07-25,50813,9,32933638,34901,117348844.0
2023-07-26,57216,18,32990854,34919,117348899.0
2023-07-27,51239,23,33042093,34942,117348930.0
2023-07-28,48069,16,33090162,34958,117348974.0
2023-07-29,48196,6,33138358,34964,117348986.0
2023-07-30,44749,14,33183107,34978,117348986.0
2023-07-31,18379,10,33201486,34988,117349014.0
2023-08-01,56096,9,33257582,34997,117349042.0
2023-08-02,64148,17,33321730,35014,117349077.0
2023-08-03,55453,18,33377183,35032,117349114.0
2023-08-04,54713,17,33431896,35049,117349146.0
2023-08-05,53111,12,33485007,35061,117349157.0
2023-08-06,48885,14,33533892,35075,117349157.0
2023-08-07,20241,11,33554133,35086,117349177.0
2023-08-08,61377,18,33615510,35104,117349209.0
2023-08-09,65696,23,33681206,35127,117349249.0
2023-08-10,55874,25,33737080,35152,117349272.0
2023-08-11,49335,28,33786415,35180,117349305.0
2023-08-12,47840,17,33834255,35197,117349322.0
2023-08-13,45729,14,33879984,35211,117349323.0
2023-08-14,17226,20,33897210,35231,117349348.0
2023-08-15,47110,6,33944320,35237,117349358.0
2023-08-16,36961,16,33981281,35253,117349397.0
2023-08-17,49848,21,34031129,35274,117349439.0
2023-08-18,50920,22,34082049,35296,117349475.0
2023-08-19,44053,21,34126102,35317,117349482.0
2023-08-20,38974,22,34165076,35339,117349482.0
2023-08-21,14564,20,34179640,35359,117349507.0
2023-08-22,47384,22,34227024,35381,117349533.0
2023-08-23,48161,14,34275185,35395,117349572.0
2023-08-24,40815,17,34316000,35412,117349594.0
2023-08-25,37504,24,34353504,35436,117349626.0
2023-08-26,36886,13,34390390,35449,117349634.0
2023-08-27,32967,23,34423357,35472,117349636.0
2023-08-28,13149,12,34436506,35484,117349670.0
2023-08-29,42998,21,34479504,35505,117349696.0
2023-08-30,42586,24,34522090,35529,117349712.0
2023-08-31,50464,76,34572554,35605,117349737.0
